method,train_objective,train_uses_ode,steps,batch_size,wall_time_sec,mean_sec_per_step,train_nfe_per_step,final_train_loss_20d,endpoint_mmd_20d,sliced_w2_20d,sample_nfe
CFM,local_velocity_regression_20D,False,80,64,0.30847774911671877,0.003855971863958985,1.0,7.430454730987549,0.034633154316781545,0.8904872533709194,30
CNF-Endpoint,endpoint_mse_after_adjoint_ode_solve_20D,True,80,64,8.165421357378364,0.10206776696722955,46.0,6.301699638366699,0.25423150321281135,1.4933647918767095,38
