method,train_objective,train_uses_ode,steps,batch_size,wall_time_sec,mean_sec_per_step,train_nfe_per_step,final_train_loss_20d,endpoint_mmd_20d,sliced_w2_20d,sample_nfe
CFM,local_velocity_regression_20D,False,80,64,0.19721736572682858,0.002465217071585357,1.0,7.430454730987549,0.03463315399588041,0.8904872500715015,30
CNF-Endpoint,endpoint_mse_after_adjoint_ode_solve_20D,True,80,64,3.857584634795785,0.04821980793494731,46.0,6.301699638366699,0.254231497856795,1.4933647889522463,38
