strategy,steps,final_train_loss_20d,final_val_mse_20d,endpoint_mmd_20d,sliced_w2_20d,sample_nfe,wall_time_sec
uniform,350,6.08896541595459,5.745042641957601,0.01566623594035982,0.6261897939511039,30,0.7583472523838282
logit_normal_sigma_0.5,350,4.566753387451172,5.929193019866943,0.015343959655935987,0.9508676156429406,30,0.8623476764187217
logit_normal_sigma_1.0,350,5.2401275634765625,5.713419596354167,0.013478405250043466,0.5056822919937444,30,0.9425949798896909
logit_normal_sigma_2.0,350,5.473114013671875,5.707207679748535,0.014936508838147714,0.5620214196319306,30,0.729943442158401
beta_2_2,350,4.958374977111816,5.753067970275879,0.014429378581973667,0.6145476742696246,30,0.7222093548625708
beta_0.5_0.5,350,6.0181884765625,5.9635383288065595,0.01945940772445683,0.6229798085175252,30,0.8387374645099044
cosine,350,5.338189601898193,5.968983968098958,0.018186839209862284,0.6848948553093381,30,0.7149238102138042
