config,input_dim,output_dim,hidden_dim,hidden_layers,n_parameters,lr,batch_size,steps,final_train_mse_20d,final_val_mse_20d,endpoint_mmd_20d,sliced_w2_20d,sample_nfe,wall_time_sec
tiny,20,20,64,3,11028,0.001,192,300,5.679418087005615,6.644771416982015,0.019059362622626478,0.591565210769704,30,0.3903493843972683
small,20,20,128,4,54932,0.001,192,300,5.898505210876465,6.389340082804362,0.015732225767220637,0.6044569433566518,30,0.43544394336640835
medium,20,20,256,4,208148,0.001,192,300,6.0739593505859375,5.915457725524902,0.01436981804937672,0.5630488958702214,30,0.43421234004199505
